{
  "accuracy": 0.659375,
  "macro_f1": 0.6408334752739454
}